case,mesh_pattern,element_version,dof,tip_deflection_mm,ref_EB_mm,ref_timoshenko_mm,error_vs_timoshenko_pct,sigma_x_fixed_end_MPa,ref_sigma_x_MPa,tau_xy_neutral_MPa,ref_tau_xy_MPa,max_von_mises_MPa,force_balance_error,solve_time_s
Q1_QL,Q1,QL,20,0.060089,0.085333,0.089493,32.857,0.0000,24.0000,1.0000,1.5000,1.7321,3.1974e-15,0.0008
Q2_QL,Q2,QL,20,0.047331,0.085333,0.089493,47.112,0.0493,24.0000,0.6969,1.5000,2.9952,2.0250e-14,0.0005
Q3_QL,Q3,QL,54,0.078718,0.085333,0.089493,12.041,10.1712,24.0000,1.0000,1.5000,9.7217,1.1511e-13,0.0016
T1_TL,T1,TL,20,0.026270,0.085333,0.089493,70.646,5.4490,24.0000,0.8311,1.5000,6.5559,1.7764e-15,0.0004
T2_TL,T2,TL,20,0.025211,0.085333,0.089493,71.829,5.9644,24.0000,0.9270,1.5000,7.0199,1.1724e-14,0.0006
T3_TL,T3,TL,54,0.056159,0.085333,0.089493,37.247,13.3601,24.0000,0.9348,1.5000,14.0299,7.4429e-14,0.0017
