benchmark,method,completion_flag,dof,hole_geometry_error,kt_estimate,near_hole_mae,wall_time_s
B01,FDM,1,16200,0.10475656,2.2048684,2.2477635,0.000765584
B01,FEM,1,11844,0.005,2.9995917,0.00040832905,0.000705792
B01,BEM,1,840,0,3,0,0.00021095799