case,element_type,max_disp_mm,max_von_mises_MPa,force_balance_error,dof,solve_time_s
cst,cst,0.5532569203468227,130.46337422825837,7.690102523026456e-13,6262,0.27423270902363583
q4,q4,0.5619587503603305,85.64135870013709,7.795668872339385e-14,6262,0.3644149159954395
